-- phpMyAdmin SQL Dump
-- version 4.7.4
-- https://www.phpmyadmin.net/
--
-- 主機: 127.0.0.1
-- 產生時間： 
-- 伺服器版本: 10.1.29-MariaDB
-- PHP 版本： 7.2.0

SET SQL_MODE = "NO_AUTO_VALUE_ON_ZERO";
SET AUTOCOMMIT = 0;
START TRANSACTION;
SET time_zone = "+00:00";


/*!40101 SET @OLD_CHARACTER_SET_CLIENT=@@CHARACTER_SET_CLIENT */;
/*!40101 SET @OLD_CHARACTER_SET_RESULTS=@@CHARACTER_SET_RESULTS */;
/*!40101 SET @OLD_COLLATION_CONNECTION=@@COLLATION_CONNECTION */;
/*!40101 SET NAMES utf8mb4 */;

--
-- 資料庫： `isms`
--

--
-- 資料表的匯出資料 `course`
--

INSERT INTO `course` (`id`, `id_teacher`, `name`, `type`, `created_at`, `updated_at`, `id_type`, `courseservices`, `money`) VALUES
(32, 2, '測試正課', '2', '2020-03-31 15:00:37', '2020-03-31 15:01:31', '33', 'test', '343'),
(33, 2, 'test', '1', '2020-03-31 15:01:20', '2020-03-31 15:01:20', NULL, NULL, NULL),
(34, 17, 'dsfs', '1', '2020-04-10 15:56:02', '2020-04-10 15:56:02', NULL, NULL, NULL);

--
-- 資料表的匯出資料 `debt`
--

INSERT INTO `debt` (`id`, `id_student`, `id_status`, `name_course`, `status_payment`, `contact`, `person`, `remind_at`, `created_at`, `updated_at`, `id_registration`, `id_events`) VALUES
(2, 1423, NULL, '測試正課', 'test', NULL, 'dsfsfd', '2020-03-31 15:55:19', '2020-03-31 15:05:03', '2020-04-02 14:02:12', 5, NULL),
(18, 1424, 13, 'test', NULL, NULL, 'test', '2020-04-17 16:00:00', '2020-04-03 01:37:14', '2020-04-19 16:00:00', 0, NULL),
(19, 1425, 12, 'test', 'test', 'test', 'test', '2020-04-25 16:00:00', '2020-04-03 16:00:00', '2020-04-03 13:53:07', 0, NULL),
(20, 1424, 12, 'ter', 'te', '陳致佑', 'tew', '2020-04-17 16:00:00', '2020-04-17 16:00:00', '2020-04-17 16:00:00', 0, NULL),
(23, 1425, 10, 'ter', 'te', '陳致佑', 'tew', '2020-04-17 16:00:00', '2020-04-17 16:00:00', '2020-04-03 14:02:45', 0, NULL),
(24, 1425, 13, 'test', 'te', '陳致佑', 'test', '2020-04-17 16:00:00', '2020-04-17 16:00:00', '2020-04-03 14:02:43', 0, NULL);

--
-- 資料表的匯出資料 `events_course`
--

INSERT INTO `events_course` (`id`, `id_course`, `name`, `location`, `money`, `money_fivedays`, `money_installment`, `memo`, `host`, `closeOrder`, `weather`, `staff`, `id_group`, `course_start_at`, `course_end_at`, `created_at`, `updated_at`, `unpublish`) VALUES
(1654, 32, '台中晚上場', 'test', NULL, NULL, NULL, '', NULL, NULL, NULL, NULL, '1585666837', '2020-03-31 15:00:00', '2020-03-31 15:00:00', '2020-03-31 15:00:37', '2020-03-31 15:00:37', 0),
(1655, 32, '台中晚上場', 'test', NULL, NULL, NULL, '', NULL, NULL, NULL, NULL, '1585666837', '2020-04-01 15:00:00', '2020-04-01 15:00:00', '2020-03-31 15:00:37', '2020-03-31 15:00:37', 0),
(1656, 32, '台中晚上場', 'test', NULL, NULL, NULL, '', NULL, NULL, NULL, NULL, '1585666837', '2020-04-30 15:00:00', '2020-04-30 15:00:00', '2020-03-31 15:00:37', '2020-03-31 15:00:37', 0),
(1657, 33, '台北晚上場', ' (台北市金山南路一段17號5樓)(博宇藝享空間)', NULL, NULL, NULL, '', NULL, NULL, NULL, NULL, '158288760033', '2020-02-28 11:00:00', '2020-02-28 13:30:00', '2020-03-31 15:01:20', '2020-03-31 15:01:20', 0),
(1658, 33, '台北晚上場', ' (台北市金山南路一段17號5樓)(博宇藝享空間)', NULL, NULL, NULL, '', NULL, NULL, NULL, NULL, '158375160033', '2020-03-09 11:00:00', '2020-03-09 13:30:00', '2020-03-31 15:01:20', '2020-03-31 15:01:20', 0),
(1659, 33, '台北晚上場', ' (台北市金山南路一段17號5樓)(博宇藝享空間)', NULL, NULL, NULL, '', NULL, NULL, NULL, NULL, '158383800033', '2020-03-10 11:00:00', '2020-03-10 13:30:00', '2020-03-31 15:01:20', '2020-03-31 15:01:20', 0),
(1660, 33, '台北晚上場', ' (台北市金山南路一段17號5樓)(博宇藝享空間)', NULL, NULL, NULL, '', NULL, NULL, NULL, NULL, '158392440033', '2020-03-11 11:00:00', '2020-03-11 13:30:00', '2020-03-31 15:01:20', '2020-03-31 15:01:20', 0),
(1661, 34, '台北晚上場', ' (台北市金山南路一段17號5樓)(博宇藝享空間)', NULL, NULL, NULL, '', NULL, NULL, NULL, NULL, '158288760034', '2020-02-28 11:00:00', '2020-02-28 13:30:00', '2020-04-10 15:56:02', '2020-04-10 15:56:02', 0);

--
-- 資料表的匯出資料 `isms_status`
--

INSERT INTO `isms_status` (`id`, `name`, `created_at`, `updated_at`, `type`) VALUES
(1, '已報名', '2020-02-03 15:54:01', '2020-03-04 16:05:17', '0'),
(2, '我很遺憾', '2020-02-03 15:54:02', '2020-03-04 16:05:17', '0'),
(3, '未到', '2020-02-03 15:54:02', '2020-03-04 16:05:17', '0'),
(4, '報到', '2020-02-03 15:54:02', '2020-03-04 16:05:17', '0'),
(5, '取消', '2020-02-03 15:54:02', '2020-03-04 16:05:17', '0'),
(6, '留單', '2020-03-05 15:21:07', '2020-03-05 15:21:07', '2'),
(7, '完款', '2020-03-05 15:21:07', '2020-03-05 15:21:07', '2'),
(8, '付訂', '2020-03-05 15:21:07', '2020-03-05 15:21:07', '2'),
(9, '退費', '2020-03-05 15:21:07', '2020-03-05 15:21:07', '2'),
(10, '付訂', '2020-03-05 15:21:07', '2020-03-05 15:21:07', '1'),
(11, '完款', '2020-03-05 15:21:07', '2020-03-05 15:21:07', '1'),
(12, '待追', '2020-03-05 15:21:07', '2020-03-05 15:21:07', '1'),
(13, '退款中', '2020-03-05 15:21:07', '2020-03-05 15:21:07', '1'),
(14, '退款完成', '2020-03-05 15:21:07', '2020-03-05 15:21:07', '1'),
(15, '無意願', '2020-03-05 15:21:07', '2020-03-05 15:21:07', '1'),
(16, '推薦其他講師', '2020-03-05 15:21:07', '2020-03-05 15:21:07', '1');

--
-- 資料表的匯出資料 `m_database`
--

INSERT INTO `m_database` (`id`, `filename`, `created_at`, `updated_at`) VALUES
(1, '0410.sql', '2020-04-10 15:00:37', '2020-04-10 14:03:38');

--
-- 資料表的匯出資料 `payment`
--

INSERT INTO `payment` (`id`, `id_student`, `cash`, `pay_model`, `number`, `created_at`, `updated_at`, `id_registration`) VALUES
(2, 1423, '33', '0', '33', '2020-03-31 15:05:03', '2020-03-31 15:05:03', 5);

--
-- 資料表的匯出資料 `register`
--

INSERT INTO `register` (`id`, `id_registration`, `id_student`, `id_status`, `id_events`, `created_at`, `updated_at`, `memo`) VALUES
(1, '2', '871', '7', '1615', '2020-03-15 15:14:07', '2020-03-20 10:05:33', NULL),
(2, '4', '872', '5', '1622', '2020-03-20 08:16:15', '2020-03-20 10:03:04', ''),
(3, '5', '1423', '1', '1654', '2020-03-31 15:05:03', '2020-03-31 15:05:03', ''),
(4, '5', '1423', '1', '1655', '2020-03-31 15:05:03', '2020-03-31 15:05:03', ''),
(5, '5', '1423', '1', '1656', '2020-03-31 15:05:03', '2020-03-31 15:05:03', '');

--
-- 資料表的匯出資料 `registration`
--

INSERT INTO `registration` (`id`, `id_student`, `id_course`, `amount_payable`, `amount_paid`, `created_at`, `updated_at`, `sign`, `id_events`, `status_payment`, `registration_join`, `id_group`, `source_events`, `pay_date`, `pay_memo`, `person`, `type_invoice`, `number_taxid`, `companytitle`) VALUES
(5, 1423, 32, '', '', '2020-03-31 15:05:03', '2020-03-31 15:05:03', '', 1656, '6', '0', 1585666837, 1660, NULL, '', '', '0', NULL, NULL);

--
-- 資料表的匯出資料 `rule`
--

INSERT INTO `rule` (`id`, `type`, `name`, `regulation`, `created_at`, `updated_at`, `rule_value`, `rule_status`) VALUES
(1, '0', '單一課程累積_未到幾次', '1', '2020-03-01 13:37:51', '2020-03-07 13:06:55', '0', '1'),
(2, '0', '單一課程累積_取消幾次', '1', '2020-03-01 13:40:35', '2020-03-07 13:06:55', '1', '1'),
(3, '0', '單一課程累積_未到+取消幾次', '1', '2020-03-01 13:40:35', '2020-03-07 13:06:55', '2', '1'),
(4, '0', '單一課程累積_出席幾次但未留單', '1', '2020-03-01 13:40:35', '2020-03-07 13:06:55', '3', '1'),
(5, '0', '所有課程累積_未到幾次', '2', '2020-03-01 13:40:35', '2020-03-07 13:06:55', '4', '1'),
(6, '0', '所有課程累積_取消幾次', '2', '2020-03-01 13:40:35', '2020-03-07 13:06:55', '5', '1'),
(7, '0', '所有課程累積_未到+取消幾次', '5', '2020-03-01 13:40:35', '2020-03-07 13:06:55', '6', '1');

--
-- 資料表的匯出資料 `sales_registration`
--

INSERT INTO `sales_registration` (`id`, `id_student`, `id_course`, `id_status`, `pay_model`, `account`, `course_content`, `created_at`, `updated_at`, `datasource`, `memo`, `submissiondate`, `events`, `id_events`) VALUES
(2411, 1420, -99, 2, NULL, NULL, 'test5', '2020-03-31 14:26:10', '2020-03-31 14:26:10', 'line', NULL, '2020-01-05 15:33:46', '台北場次', -99),
(2412, 1421, 33, 3, NULL, NULL, 'test5', '2020-03-31 15:01:20', '2020-03-31 15:17:53', 'test5', NULL, '2020-01-05 15:33:46', NULL, 1657),
(2413, 1422, 33, 1, NULL, NULL, 'test4', '2020-03-31 15:01:20', '2020-03-31 15:01:20', 'test4', NULL, '2020-01-05 15:33:46', NULL, 1658),
(2414, 1423, 33, 3, NULL, NULL, 'test3', '2020-03-31 15:01:20', '2020-04-09 11:50:09', 'test3', NULL, '2020-01-05 15:33:46', NULL, 1659),
(2415, 1424, 33, 3, NULL, NULL, 'test2', '2020-03-31 15:01:20', '2020-03-31 15:02:01', 'test2', NULL, '2020-01-05 15:33:46', NULL, 1660),
(2416, 1426, 34, 3, NULL, NULL, 'test5', '2020-04-10 15:56:02', '2020-04-10 15:56:06', 'fb', NULL, '2020-01-05 15:33:46', NULL, 1661);

--
-- 資料表的匯出資料 `student`
--

INSERT INTO `student` (`id`, `name`, `sex`, `id_identity`, `phone`, `email`, `birthday`, `company`, `profession`, `address`, `created_at`, `updated_at`, `check_blacklist`) VALUES
(1420, '測試資料_我很遺憾', '', '', '09127777', 'fdfdsfdsf@gmail.com', '', '', 'job5', NULL, '2020-03-31 14:26:10', '2020-03-31 14:26:10', 0),
(1421, '測試資料_5', '', '', '098555', '5924@gmail.com', '', '', 'job5', NULL, '2020-03-31 15:01:20', '2020-03-31 15:01:20', 0),
(1422, '測試資料_4', '', '', '098123', '111124@gmail.com', '', '', 'job4', NULL, '2020-03-31 15:01:20', '2020-03-31 15:01:20', 0),
(1423, '測試資料_3', '女', '2131', '098456', '33333924@gmail.com', '2020-05-14', '3232', 'job3', '323223', '2020-03-31 15:01:20', '2020-04-09 11:50:09', 0),
(1424, '測試資料_2', '', '', '0985789', '44444@gmail.com', '', '', 'job2', NULL, '2020-03-31 15:01:20', '2020-03-31 15:01:20', 0),
(1425, 'esdfsf', '', '', '234234', 'fsdfsdfsf', '', '', '3232', '台北', '2020-03-31 15:18:10', '2020-03-31 15:18:10', 0),
(1426, '測試資料_0410', '', '', '090410', '0410@gmail.com', '', '', 'job5', NULL, '2020-04-10 15:56:02', '2020-04-10 15:56:02', 0);

--
-- 資料表的匯出資料 `student_group`
--

INSERT INTO `student_group` (`id`, `id_group`, `name`, `condition`, `created_at`, `updated_at`) VALUES
(24, NULL, 'test1', NULL, '2020-04-03 09:50:52', '2020-04-03 09:50:52'),
(25, NULL, 'test2', NULL, '2020-04-03 09:50:56', '2020-04-03 09:50:56'),
(26, NULL, '1', '1. 銷講/test/2020/04/04 - 2020/04/04/名單資料<br>2. 銷講/test/2020/04/04 - 2020/04/04/名單資料<br>3. 銷講/test/2020/02/03 - 2020/05/20/名單資料<br>篩選器1:請選擇/2020/04/09 - 2020/04/09/名單資料<br>', '2020-04-03 16:49:54', '2020-04-09 10:06:18'),
(27, NULL, 'test2', '<hr>篩選器1:銷講/test/2020/04/09 - 2020/04/09/名單資料<br><hr>篩選器1:銷講/test/2020/02/04 - 2020/07/01/名單資料<br>', '2020-04-05 11:37:01', '2020-04-09 10:20:23'),
(28, NULL, '04091123232213', '<hr>篩選器1:銷講/test/2020/03/03 - 2020/04/28/名單資料/目前職業/是/job3<br>篩選器2:銷講/test/2020/03/03 - 2020/04/23/名單資料/目前職業/未/job<br><hr>篩選器1:銷講/test/2020/03/03 - 2020/04/28/名單資料/目前職業/是/job3<br>篩選器2:銷講/test/2020/03/0', '2020-04-09 11:54:30', '2020-04-09 11:54:57');

--
-- 資料表的匯出資料 `student_groupdetail`
--

INSERT INTO `student_groupdetail` (`id`, `id_student`, `id_group`, `created_at`, `updated_at`) VALUES
(18, '872', '13', '2020-03-20 10:06:45', '2020-03-20 10:06:45'),
(19, '871', '13', '2020-03-20 10:06:45', '2020-03-20 10:06:45'),
(21, '1421', '24', '2020-04-03 09:50:52', '2020-04-03 09:50:52'),
(22, '1422', '24', '2020-04-03 09:50:52', '2020-04-03 09:50:52'),
(23, '1423', '24', '2020-04-03 09:50:52', '2020-04-03 09:50:52'),
(24, '1424', '24', '2020-04-03 09:50:52', '2020-04-03 09:50:52'),
(25, '1421', '25', '2020-04-03 09:50:56', '2020-04-03 09:50:56'),
(26, '1422', '25', '2020-04-03 09:50:56', '2020-04-03 09:50:56'),
(27, '1423', '25', '2020-04-03 09:50:56', '2020-04-03 09:50:56'),
(28, '1424', '25', '2020-04-03 09:50:56', '2020-04-03 09:50:56'),
(29, '1421', '26', '2020-04-03 16:49:54', '2020-04-03 16:49:54'),
(30, '1422', '26', '2020-04-03 16:49:54', '2020-04-03 16:49:54'),
(31, '1423', '26', '2020-04-03 16:49:54', '2020-04-03 16:49:54'),
(32, '1424', '26', '2020-04-03 16:49:54', '2020-04-03 16:49:54'),
(33, '1422', '27', '2020-04-05 11:37:01', '2020-04-05 11:37:01'),
(34, '1421', '27', '2020-04-05 11:37:01', '2020-04-05 11:37:01'),
(35, '1423', '27', '2020-04-05 11:37:01', '2020-04-05 11:37:01'),
(36, '1424', '27', '2020-04-09 10:20:23', '2020-04-09 10:20:23'),
(37, '1423', '28', '2020-04-09 11:54:30', '2020-04-09 11:54:30'),
(38, '1421', '28', '2020-04-09 11:54:50', '2020-04-09 11:54:50'),
(39, '1422', '28', '2020-04-09 11:54:50', '2020-04-09 11:54:50'),
(40, '1424', '28', '2020-04-09 11:54:50', '2020-04-09 11:54:50');

--
-- 資料表的匯出資料 `teacher`
--

INSERT INTO `teacher` (`id`, `name`, `phone`, `created_at`, `updated_at`) VALUES
(1, 'Juila', '', '2020-02-03 15:54:02', '2020-02-03 15:54:02'),
(2, 'Jack', '', '2020-02-03 15:54:02', '2020-02-03 15:54:02'),
(3, 'Mark', '', '2020-02-03 15:54:02', '2020-02-03 15:54:02'),
(4, 'yuyu', '', '2020-03-31 13:00:28', '2020-03-31 13:00:28'),
(5, 'sdfdsfsdfsd', '', '2020-03-31 13:02:34', '2020-03-31 13:02:34'),
(6, 'sfsf', '', '2020-03-31 13:03:20', '2020-03-31 13:03:20'),
(7, 'fdsffs', '', '2020-03-31 13:04:22', '2020-03-31 13:04:22'),
(8, 'fsfs', '', '2020-03-31 13:04:48', '2020-03-31 13:04:48'),
(9, 'dfdsfds', '', '2020-03-31 13:17:24', '2020-03-31 13:17:24'),
(10, 'utyutyuyt', '', '2020-03-31 13:29:20', '2020-03-31 13:29:20'),
(11, 'tutyu', '', '2020-03-31 13:29:30', '2020-03-31 13:29:30'),
(12, 'grerge', '', '2020-03-31 13:30:40', '2020-03-31 13:30:40'),
(13, 'feew', '', '2020-03-31 13:33:10', '2020-03-31 13:33:10'),
(14, 'tes', '', '2020-03-31 14:15:42', '2020-03-31 14:15:42'),
(15, 'wrerewwer', '', '2020-03-31 14:17:19', '2020-03-31 14:17:19'),
(16, 'ewfew', '', '2020-03-31 14:17:32', '2020-03-31 14:17:32'),
(17, 'dsfds', '', '2020-04-10 15:56:00', '2020-04-10 15:56:00');

--
-- 資料表的匯出資料 `users`
--

INSERT INTO `users` (`id`, `name`, `role`, `email`, `email_verified_at`, `password`, `remember_token`, `created_at`, `updated_at`, `account`) VALUES
(8, '管理員', 'admin', 'admin@gmail.com', NULL, '$2y$10$0krSRlyK4KUL4Okef8GP7./Z.DFe7/HSwM/yER2Z9sInOfGTmzeS2', NULL, NULL, '2020-02-19 14:26:57', 'admin'),
(9, '數據分析人員', 'dataanalysis', 'dataanalysis@gmail.com', NULL, '$2y$10$NEehULmc8BofwNXy0a/Lve99pvz41NA7iE2.Sm0OfRoMk3X5FRi9S', NULL, NULL, NULL, 'dataanalysis'),
(10, '行銷人員', 'marketer', 'marketer@gmail.com', NULL, '$2y$10$NEehULmc8BofwNXy0a/Lve99pvz41NA7iE2.Sm0OfRoMk3X5FRi9S', NULL, NULL, NULL, 'marketer'),
(11, '財會人員', 'accountant', 'accountant@gmail.com', NULL, '$2y$10$NEehULmc8BofwNXy0a/Lve99pvz41NA7iE2.Sm0OfRoMk3X5FRi9S', NULL, NULL, NULL, 'accountant'),
(12, '現場人員', 'staff', 'staff@gmail.com', NULL, '$2y$10$NEehULmc8BofwNXy0a/Lve99pvz41NA7iE2.Sm0OfRoMk3X5FRi9S', NULL, NULL, NULL, 'staff'),
(13, 'test', 'teacher', 'teacher@gmail.com', NULL, '$2y$10$NEehULmc8BofwNXy0a/Lve99pvz41NA7iE2.Sm0OfRoMk3X5FRi9S', NULL, NULL, '2020-02-18 15:34:24', 'teacher'),
(20, 'admin', 'marketer', '', NULL, '$2y$10$tdRrGEwKmlarNs7ZPYCjC.4uMCmg7xZ83uHC1WLDFhFZEZ7dkd/ku', NULL, NULL, '2020-02-20 13:53:05', 'test343333');
COMMIT;

/*!40101 SET CHARACTER_SET_CLIENT=@OLD_CHARACTER_SET_CLIENT */;
/*!40101 SET CHARACTER_SET_RESULTS=@OLD_CHARACTER_SET_RESULTS */;
/*!40101 SET COLLATION_CONNECTION=@OLD_COLLATION_CONNECTION */;
